factset_entity_id,vendor_id
0981XB-E, 139220520
09V1F5-E, 142900958
0GXHQN-E, 152044523
08TW8L-E, 298707546
0CWC8S-E, 63225716
0D2052-E, 41113306
05PLS1-E, 49860858
07PV9X-E, 53556853
080VMZ-E, 52290857
07XFN7-E, 29234332
08H89V-E, 21834201
05WV09-E, 38738469
0GWM0W-E, 49769961
07PBB1-E, 31571408
0BG54H-E, 49910604
07QDLW-E, 24670518
061897-E, 49910570
074B6Y-E, 63208504
05PH3K-E, 25827883
0055B1-E, 49910749
0C0TKC-E, 142802701
07XFJQ-E, 156253199
0CDFSF-E, 202499685
0868Z5-E, 38393665
097MKF-E, 146582269
060PRL-E, 51957764
080QDW-E, 60999962
05LJ6M-E, 178660416
07S6YQ-E, 152044523
07XJ1S-E, 21533662
06D5JD-E, 24225544
0F7M0X-E, 195351083
0GRTWV-E, 152044523
083TCB-E, 57674688
0H30BX-E, 146610345
0DYMJG-E, 142849303
07R74K-E, 51162011
07Q6ZZ-E, 55240451
064RMM-E, 23207739
08406Y-E, 144145481
07XKVW-E, 52719731
0CQ8N6-E, 136317904
09SLQ8-E, 30315046
00FBBZ-E, 303801538
09T701-E, 142964830
07PC5M-E, 49864843
07QSL5-E, 55246454
05J5JP-E, 178411797
0FCT0T-E, 156278948
0DJ9JF-E, 39957373
07XQ03-E, 27635936
07V090-E, 32406767
06SD4B-E, 63208979
07YV2X-E, 156290641
066CC7-E, 62540559
002VYV-E, 19889383
09WGBL-E, 147043952
085PD2-E, 156182554
08WJBJ-E, 22588754
0F1V4S-E, 49910789
08X07Q-E, 24351173
071GLL-E, 38912053
0HHP98-E, 143001424
07XGCF-E, 29244855
0794XF-E, 300167384
00768H-E, 299266338
0G8WRH-E, 49809662
0F8N00-E, 141293885
06170J-E, 23238306
07XCJ7-E, 63226784
07TR2T-E, 63209493
09V0Z3-E, 142953031
09L9MK-E, 40203343
096YHM-E, 47202097
09FF6W-E, 36505113
064VWB-E, 33870754
05PM3R-E, 51468257
07R97N-E, 46118361
07R8ZT-E, 178917981
09L9K4-E, 156327325
07VP3D-E, 156192456
006XR9-E, 34056416
07PWDT-E, 49766942
0F67KS-E, 49762235
07W3QH-E, 142852455
0824T8-E, 146753727
07V00R-E, 57281742
09TY83-E, 142815772
0D239T-E, 144451076
07QBWN-E, 48097205
06LFVL-E, 156221453
0DB5PX-E, 19886793
09T7LL-E, 142816568
05V14S-E, 156358782
0GB4D8-E, 29312275
06S89V-E, 289423819
0BXT59-E, 49862599
000NYC-E, 25760562
07XFJS-E, 23250947
0F7M81-E, 199710911
0FTRPM-E, 19883974
0FST5H-E, 265938019
075Z3Z-E, 156252716
0DJ3PM-E, 49856976
07V84J-E, 151315330
08887V-E, 138511692
0881KH-E, 49896568
07W0DP-E, 49910704
07V2QN-E, 21643384
0FBJ24-E, 142858923
005PDF-E, 142852455
08HCRP-E, 21342413
061864-E, 52721194
0GZB11-E, 323947509
001R0Z-E, 49910749
0882DF-E, 278217908
0041QG-E, 178917981
0672R0-E, 142830528
0DSWV0-E, 19883974
0DYMZR-E, 18947538
08GZ92-E, 142904980
06W14G-E, 156296105
0F125F-E, 142169937
0DZMWV-E, 146575893
07WB6T-E, 324235093
09M8LS-E, 144176560
05LJNS-E, 29966137
0HB281-E, 19889595
0B607P-E, 49769961
072P5B-E, 19883974
07VM0G-E, 49865992
0DKSL7-E, 292354911
064VPY-E, 63208504
09334M-E, 25811540
000P03-E, 49809662
07QB0S-E, 44551575
061875-E, 30402604
0F63HX-E, 63221103
05LJ2X-E, 27499488
08GP9S-E, 141293885
07TZNJ-E, 51821297
0CJVQW-E, 195369288
087Z8S-E, 156221453
0742CN-E, 314001624
07R8HZ-E, 156250564
07XKHP-E, 47214560
0BG8XZ-E, 22724898
07XG6D-E, 33905886
0DX22T-E, 142848003
07VC7B-E, 43852625
0CPXB5-E, 142896524
07RKV5-E, 156218197
00DFT4-E, 156251392
083SMR-E, 55247130
07VQXS-E, 49803513
0728PL-E, 48336112
0881K9-E, 156343973
0936XN-E, 156222111
07XJNK-E, 25799552
00BJW7-E, 156247868
061711-E, 178800004
0D6BXQ-E, 156244193
06W1ST-E, 142902320
00282T-E, 178398311
0082N0-E, 152044523
05PJCJ-E, 51271908
08T9WP-E, 19884365
061LDG-E, 142998339
0CSTJ5-E, 19887278
07XHNW-E, 179078368
08GS6F-E, 27499488
0B10RS-E, 49846205
0BJPMP-E, 39958782
000P1V-E, 156187539
07V0MC-E, 54648984
070PT3-E, 60178522
07V479-E, 59188859
0GR0F8-E, 311855771
07T7WC-E, 196011756
0FN6ZY-E, 156319134
07XKC8-E, 156296527
0D6YV3-E, 51028785
0DBHCH-E, 156314972
09V5HS-E, 142875483
0DP2Q0-E, 156185802
09T5P8-E, 38393665
0706SL-E, 49762235
07VQ4N-E, 49567149
086FTZ-E, 38579280
07V78T-E, 32406767
07PB8G-E, 27777048
0BFRDH-E, 51028785
064V8B-E, 56884613
07XDR6-E, 49809662
07ZL1Z-E, 18947538
07TZKT-E, 49907447
07PVV6-E, 19889383
0D28JT-E, 41260275
05PL2M-E, 29973348
075ZBF-E, 22225554
07D4QG-E, 38393665
062QYV-E, 198775294
07ZL8T-E, 138945405
0B85TC-E, 29182994
070SL2-E, 49809662
07XGB8-E, 134807929
0DRTM6-E, 156372092
06DNCV-E, 30498879
083M40-E, 156331362
088MNG-E, 143003104
0D0Q5G-E, 277730631
07V4T5-E, 52811335
0F2Y61-E, 41260275
07QD0Q-E, 63202487
08VW5J-E, 194224948
061877-E, 53301652
085XLY-E, 23457572
0FS13T-E, 19889383
07PW41-E, 49910749
07CQWB-E, 179517239
080GY7-E, 32229289
07ZNY0-E, 19889383
07TYLW-E, 19883902
07XGV6-E, 156251392
07BSMK-E, 39957373
09T75M-E, 142801563
05YQC4-E, 178652267
080237-E, 279187742
0FK490-E, 137841979
09XG33-E, 142821528
07V1GH-E, 47221196
09L9MG-E, 56790255
07YYRZ-E, 286225618
085J71-E, 33100005
07PB8X-E, 174896366
0DWBFV-E, 19889527
0D7MZ9-E, 319240256
09T8P7-E, 146706170
08GX5L-E, 26480010
05LHRP-E, 40851331
08JFQP-E, 298707546
083KVH-E, 49809662
0B52JK-E, 142879586
089Q1N-E, 304234036
067158-E, 142919627
09XBY5-E, 142800691
00G54D-E, 143593253
0066S1-E, 142893566
09T6BS-E, 142874243
0DB5C8-E, 49856976
0887H5-E, 60859192
0F7M3N-E, 298707546
072C8P-E, 27010414
0DC2X5-E, 49004268
06MKHD-E, 156361816
07626B-E, 49910749
085W66-E, 178565806
0DPMT7-E, 49852687
06LBVP-E, 49860858
05PGDQ-E, 47069573
0CZN4R-E, 24499633
0DVF7B-E, 57568774
0D9WKD-E, 275971729
07V7M5-E, 156372053
093MWW-E, 138709536
05PGZ1-E, 178469600
09T8ZV-E, 146731677
085YJB-E, 38393665
000P2Y-E, 156350805
08HDCL-E, 21834201
05PJL9-E, 63205522
05PJH3-E, 298707546
0C9ZWN-E, 282968414
0D5D4N-E, 138940868
0H46SL-E, 19883902
09V193-E, 142804270
001GR3-E, 44551575
07XKKQ-E, 156181901
079P3S-E, 49910704
05LJFK-E, 46599723
079LFX-E, 173023099
09LYH4-E, 142935582
07XK0Y-E, 63199397
071Z0C-E, 142688904
0D209K-E, 44551575
08H1YP-E, 153411796
00421B-E, 146884946
0DHD84-E, 49760854
0FZPMG-E, 19883974
0B11F3-E, 156271760
000NY8-E, 156234212
07PWHM-E, 33979071
0064GC-E, 31685668
0C9230-E, 19889383
06XTMS-E, 19888201
07QD6L-E, 46118361
0B0TD8-E, 139699304
06P9LW-E, 156272116
09T7Y5-E, 142919627
0FCZY0-E, 194224948
075ZBS-E, 156349535
0DDY4T-E, 142905553
06WG93-E, 142873997
0BBDL8-E, 31677956
07FF5Q-E, 21641337
087Y3R-E, 156241502
05XCP5-E, 142953031
072G32-E, 142852455
0B0C2L-E, 39957373
0H77Q4-E, 22947920
07R9GS-E, 19889383
07XLP6-E, 27812562
0F440K-E, 298707546
09T5FL-E, 142801205
083B7K-E, 19883974
07T6VQ-E, 178828611
092ZVW-E, 195351083
0FBSP2-E, 138586019
0F4Z46-E, 19155514
003MGD-E, 156324430
0932LL-E, 298707546
0F6TR7-E, 20483158
07M0JZ-E, 286930282
07XK0X-E, 49772188
005PVK-E, 19883902
06L2D7-E, 156353868
06Z54L-E, 18947538
07W542-E, 142827729
0B7ZWG-E, 49682225
05MYF6-E, 178740718
07ZNTN-E, 49910749
07PB44-E, 49030180
05TD17-E, 58975176
07PC5D-E, 22225554
0GRNCN-E, 49809662
0F4Z2T-E, 156222111
07QCBC-E, 179403722
05LJ30-E, 146751037
07VS7Y-E, 46926335
0881KN-E, 49000253
0B1PWW-E, 63227121
0F2Y76-E, 29141761
05PKQ9-E, 142800510
06XJ00-E, 49910704
0CC8M8-E, 156351820
07V3DS-E, 44551575
0FL95H-E, 49809662
0B1KBD-E, 57198716
05N765-E, 19889383
0DKMFX-E, 146870633
0F4JVL-E, 156222111
07TYP9-E, 145276520
07QYKP-E, 156358782
064P56-E, 52169862
0FYLPN-E, 142970041
0DZ09C-E, 56227737
0FCS7H-E, 308538129
06FKTQ-E, 142977763
064WBL-E, 142991413
05LJ63-E, 156276396
07XHG1-E, 57932521
064RYW-E, 55266723
07XJ50-E, 21621829
004D7M-E, 57281259
0869ZZ-E, 178565806
07TZFX-E, 156182387
0GGSFH-E, 136785136
06MF6Q-E, 20313411
09T75Q-E, 146713510
07TK97-E, 49807645
003CXD-E, 142852455
07XJSM-E, 58133468
001D11-E, 39957373
0D141Q-E, 156358782
07WB9N-E, 49910704
06Y78S-E, 178917981
0748ZK-E, 23390306
0GCGR6-E, 303082274
06ZFK9-E, 142997259
0BRZ6P-E, 146709170
00193K-E, 35325031
07NTTC-E, 134807929
07XHST-E, 286642406
07ZNXC-E, 156358782
0F50J0-E, 19215188
0614WV-E, 156302464
09SK58-E, 49910704
07N1BV-E, 142852455
0F67LP-E, 195351083
0949K8-E, 51468257
085HMJ-E, 54387874
0DGQ7H-E, 176990188
07CP29-E, 156246437
0F49W2-E, Long Hauling & Excavation Inc DBA Longscape Services"
07QCND-E, 237379171
061869-E, 23941152
0G5JXT-E, 146904238
07VKLL-E, 21773687
083VTM-E, 303996338
07V1MS-E, 36540110
08HBHL-E, 298707546
07RLPQ-E, 156353571
05PKVB-E, 57277680
06VKQZ-E, 145077172
0F5LV5-E, 298707546
085CC9-E, 178474871
0GV8H2-E, 142885733
0D6TF0-E, 32406767
00CZ0R-E, 156351506
072TTP-E, 57274350
0BKJL5-E, 49896568
09T8RF-E, 146885453
07XLZR-E, 179241298
07XJCD-E, 60999962
083QD0-E, 39957373
00299B-E, 178917981
05LHXM-E, 49865827
0BQHQX-E, 33330048
0C7PVX-E, 49215680
06TX5H-E, 47164479
093DDW-E, 19215188
0C6F6R-E, 19889383
0HDKJS-E, 155922578
001KCY-E, 142953031
05LJJ3-E, 156229199
07DM6Q-E, 54190435
09Y7H7-E, 156241409
07T7GF-E, 156279512
05ZTZT-E, 49760854
05PGSC-E, 27499488
07WB13-E, 51028785
05Z8P8-E, 142800510
06M1XP-E, 19884365
07QDQX-E, 22949661
063D12-E, 34203564
0DJCW9-E, 19883974
07536K-E, 49910749
09K6Z1-E, 63216139
0B1GNK-E, 156362168
073H0B-E, 156276809
06PJWN-E, 60715018
07V0V1-E, 49774554
07DKF2-E, 40850206
083Q4X-E, 49890184
094RD8-E, 156342731
07XMZ0-E, 156243010
0B1JX5-E, 22000401
0D4C0C-E, 51028785
09PGG5-E, 178917981
093LCH-E, 153411796
0D9V34-E, 32997646
07W0K2-E, 49809662
0G5MD2-E, 41601598
08TY1H-E, 298707546
06W2C3-E, 145758627
07ZNRL-E, 20326563
0F4PXQ-E, 27499488
09T8H6-E, 142831171
0B95BT-E, 22588754
05PKVQ-E, 298707546
07TMJJ-E, 156336906
06NDYY-E, 47474714
05LJ54-E, 142902320
064VT7-E, 49905136
006B76-E, 156347618
07VN1N-E, 139369926
05MX9C-E, 39577711
07XFBP-E, 49896568
087YYN-E, 156351820
0F8X4K-E, 26128003
07M7P1-E, 156335815
08HCB1-E, 298707546
07XDZX-E, 49809662
05L3DL-E, 142852455
0CVMTC-E, 48999772
07T86Z-E, 39178930
004S37-E, 51762394
0D2CDW-E, 142803824
05W85K-E, 139293414
0H25QM-E, 19886944
07THJC-E, 156355794
060HSY-E, 156352707
07R91N-E, 29275240
08WXFV-E, 197475313
0029BQ-E, 152044523
07KJRH-E, 142801829
07QSS9-E, 32406767
0C174R-E, 57288154
0DHWRM-E, 142953031
061825-E, 199629063
0DRXT3-E, 21716563
08TKYM-E, 24351173
09FDCW-E, 195351083
00953S-E, 19889383
086F76-E, 32406767
07V5GG-E, 34286209
0GSBDZ-E, 52032553
0G09QY-E, 156251392
09T644-E, 142832327
0BK4Q7-E, 142807041
07XGTJ-E, 31134041
05PLXM-E, 21066813
0DVYJ6-E, 51821297
07NYDV-E, 178917981
07TTC5-E, 156178498
07VC7Y-E, 61157941
07XJQG-E, 195331458
0832RG-E, 63217228
07VV53-E, 156358117
085QW9-E, 283828581
07V9NY-E, 21936528
093JP9-E, 21342413
0FT4B8-E, 49774698
07VBJG-E, 156366295
07VNQ6-E, 46121842
05PKFD-E, 153411796
07W3FV-E, 49809662
0F67QB-E, 27499488
09X8GB-E, 274980481
07T6T9-E, 26238042
097BJX-E, 36505113
06927C-E, 54033632
08V2TS-E, 138709536
0019PR-E, 56161960
0998HC-E, 56531571
085JKH-E, 178917981
0B4FT7-E, 56971176
0FN253-E, 55020173
07QSK8-E, 138958693
0DJ6DX-E, 156351832
083NFG-E, 156307042
0B89DL-E, 156221453
064QLS-E, 49873327
0678W5-E, 52989406
0BQZN5-E, 142874097
09T5PQ-E, 142922029
081655-E, 51832262
05PKVK-E, 298707546
07RNYS-E, 19889383
05PHBF-E, 156201801
0DX1ZW-E, 50552337
064WFN-E, 156201977
0CMFLB-E, 156342244
0DW5GF-E, 156179199
06ZBCQ-E, 156221453
09T8R3-E, 49812429
05PG7H-E, 49777192
08VR22-E, 139230422
07W3Z2-E, 178917981
05K3JF-E, 51957764
07XP8V-E, 320607039
06170W-E, 139710277
05NJM0-E, 139220520
0GL2NQ-E, 19883974
07L5DW-E, 26223059
083195-E, 60314479
07XD5R-E, 156245053
08G450-E, 21834201
067F8P-E, 134800121
0CGY1P-E, 19885323
07XK3W-E, 34007419
003Q18-E, 49890022
0DB1ZV-E, 142870182
0DG83N-E, 142852455
05PM2B-E, 18947538
09T78Z-E, 62570572
07XKR5-E, 27845181
06Q8S6-E, 275015941
0F5BD3-E, 27499488
086LN1-E, 47370157
07XFND-E, 33732306
0F95SB-E, 39957373
07R76S-E, 52884794
07R6V4-E, 27720475
07N5K0-E, 142817631
07VND4-E, 38615046
0G75KD-E, 19883902
0BF4TP-E, 146889240
07ZKYR-E, 19883974
0BNHDM-E, 21641337
0FB8RS-E, 19886230
09LKHD-E, 279187742
0DCWRC-E, 38579280
0C85RY-E, 24875607
083S97-E, 49910704
07V3QH-E, 156338362
081NJH-E, 277678281
07VV0J-E, 143104641
07VRFT-E, 57281259
07BH7S-E, 49910704
0DW32M-E, 53284074
06FRJB-E, 19889383
05LH29-E, 304234036
05PKC2-E, 173239482
0D975R-E, 145542721
0F4ZVJ-E, 46944334
07PBN1-E, 19679749
0G88R3-E, 156206158
0976HF-E, 49762235
06TQ58-E, 22947920
0BZ64V-E, 279398566
00DN4R-E, 24857175
003J1H-E, 174271379
0CW835-E, 61442541
095HFC-E, 175392323
09V0WZ-E, 145542721
0HD6CC-E, 49774554
05VYHY-E, 49910749
070CY6-E, 47222927
07NG85-E, 298707546
009CX6-E, 32406767
0809JD-E, 41197937
05Z9SW-E, 142953031
09FCYF-E, 49762235
077VJ0-E, 23862447
07XFCF-E, 47195325
08GT25-E, 22588754
072TV8-E, 39957373
0D27Z8-E, 21711873
064N6D-E, 156310445
0DHNH1-E, 325340558
05LHHH-E, 142858483
09T768-E, 146761257
0CV1KL-E, 49804845
00DQSL-E, 57343355
0DJ30Q-E, 279187742
0F2YCL-E, 63220147
07J3DV-E, 49849184
05LH1V-E, 156268267
0B15VL-E, 135832736
07W0X2-E, 156203321
07XF3N-E, 156334529
0C6JX8-E, 156273709
08J9R1-E, 41260275
0HP8P1-E, 56161054
083SRM-E, 39957373
0855GD-E, 146884271
0DP45N-E, 49763957
07QDL5-E, 156298777
09FZGB-E, 52140485
07XFW3-E, 156243010
087BX9-E, 55699101
0013MW-E, 142806882
0C6MMC-E, 156206877
0701C6-E, 53733759
07W96P-E, 57073625
0BB339-E, 156229824
0GQCJN-E, 19890128
09V12P-E, 142975303
07QT3T-E, 49809662
07XG3L-E, 156253092
080LYH-E, 142852455
0CJZ0K-E, 61210577
074L9M-E, 32406767
0DBYKS-E, 19889241
0HCKDY-E, 21834201
0F5VZK-E, 19215188
0722KT-E, 156244024
09T5H8-E, 146723671
0820W3-E, 156356550
08W337-E, 197475313
07RKVR-E, 250266004
07QDJT-E, 156351820
09FBR7-E, 27499488
07XDQ0-E, 49865555
06186S-E, 30904361
0GQCL0-E, 137381682
07XMB6-E, 156350805
089M3P-E, 19845723
0722NH-E, 50974982
06V52B-E, 56828235
06P83H-E, 63227121
05L3DC-E, 31224341
07RJVT-E, 19891282
0H1YGL-E, 19888201
05ZJ2J-E, 21711873
09T866-E, 142879219
096TMN-E, 21342413
07ZJCF-E, 143334291
0FY7HY-E, 142979607
0HJJBJ-E, 142867188
07W49T-E, 21622817
0B0FXL-E, 21755682
05TD4C-E, 146745853
0GQCFW-E, 156230366
0FDN2P-E, 142852455
08JG3C-E, 21342413
0088T8-E, 19889383
07LN5D-E, 142886254
00179Q-E, 156333442
07VRN5-E, 280294518
06Z1XC-E, 154065814
001S93-E, 142919289
064X18-E, 52154296
0FK34P-E, 138012590
0G0XFY-E, 49873103
0FMWBN-E, 36505113
05YNZQ-E, 156289118
07XK10-E, 156255950
07XFZJ-E, 49683126
006T5F-E, 19883974
05QSLD-E, 300167384
0DVN5S-E, 143001237
07XQZR-E, 33382862
07XHD5-E, 49679192
07PBB2-E, 52157472
07M4FB-E, 318516962
07QCMJ-E, 156350010
05PDL9-E, 21834201
088PGJ-E, 58064225
0GRV9G-E, 153411796
0CBRBK-E, 63227121
0F5LSX-E, 156196383
0DQTCB-E, 156348088
06SYK6-E, 50552613
083XPL-E, 46118734
0H52CL-E, 50974982
07TFN7-E, 48092363
07DK0X-E, 61116656
07QC2R-E, 32138624
083Y5R-E, 52370687
07XN7C-E, 55827434
064QR7-E, 156251392
099FD1-E, 49767516
05JBWY-E, 142919627
07V0S7-E, 156254413
00FHWN-E, 46776021
07VQL3-E, 49624312
09XFT2-E, 142895513
0723KC-E, 136785136
06FBNC-E, 33027024
05LHCC-E, 145276520
09WHL5-E, 33930668
093669-E, 153411796
05L3DR-E, 21629417
0DHMZY-E, 199675733
07T7X8-E, 40966544
08R2D9-E, 49764146
083W01-E, 22225554
0C7TV3-E, 46588165
0D0WC9-E, 39957373
09XBMS-E, 142904498
05LJ49-E, 146763262
064R24-E, 178951020
05PM20-E, 25811540
07R8TK-E, 156244018
05LHCV-E, 156222111
09T7X9-E, 142827628
07VKDH-E, 49727174
085GDV-E, 21801740
09XGB8-E, 142999030
0GWC86-E, 56828235
0DNN1S-E, 38490915
0D2438-E, 32956363
0CS0GV-E, 49865278
09FMTP-E, 153411796
0883Q8-E, 49921502
0F7XK5-E, 21342413
0833YM-E, 136317904
0GYR27-E, 156271894
07PBMT-E, 18889982
064R4X-E, 49910749
064QSX-E, 51028785
07R7FH-E, 142852455
0CGDPK-E, 156350805
06186D-E, 49773320
085Y0P-E, 178362321
0DJ3NJ-E, 49910617
0BC6K6-E, 279187742
07VSG7-E, 49863869
09WGSQ-E, 142821493
0DW5NN-E, 178565806
064NVG-E, 57288146
06X8S2-E, 142823827
0F2Y4H-E, 20483158
0886G3-E, 178917981
0BJD0F-E, 178917981
08WVTM-E, 156222111
08D66J-E, 49809662
08TJB5-E, 156229824
05WLZP-E, 156203321
068BQD-E, 142919627
0DDGKQ-E, 156271894
07QSPM-E, 178565806
05PLRQ-E, 146707094
09V1Q2-E, 142908752
07ZGZM-E, 52169862
0019H1-E, 38130336
08JGH5-E, 298707546
0BW2CB-E, 267185650
07PD8K-E, 49772584
07XF3B-E, 22005209
07JMPW-E, 49769961
0GQ93R-E, 155922578
06188W-E, 142802487
0C7C8K-E, 49890182
0868GL-E, 39667279
09B0RS-E, 52149169
07XQJ8-E, 156271894
07V21P-E, 63205487
0FMHN1-E, 19889595
07PB6S-E, 30596100
0CPVCJ-E, 19883902
08407H-E, 60999962
05PGZ6-E, 21692819
075K06-E, 59187170
0809QR-E, 62622307
0FT1C2-E, 142852455
087YWC-E, 156283434
065B70-E, 23014566
0613JJ-E, 21621858
064VQ7-E, 49847988
08G3SX-E, 21342413
00GHJQ-E, 63227121
08TLLN-E, 21342413
0F50JC-E, 19215188
003RKK-E, 136317904
0DVL2P-E, 156222111
06GN9S-E, 136317904
09T76M-E, 146610261
085GH1-E, 46118361
008TZ7-E, 284219909
0GZM7H-E, 146709892
05PFPF-E, 52169862
07PBPJ-E, 62598409
07PW7W-E, 19886230
0798C8-E, 57280221
07W97J-E, 19889383
07XCZT-E, 57275086
09VTZ9-E, 178369546
08TWS0-E, 138709536
0FW2HX-E, 37833154
09T8FJ-E, 142957440
061DPJ-E, 156256528
06BKM5-E, 146593548
07VQJ5-E, 51493646
07ZKY7-E, 279187742
07RLDZ-E, 156264374
08GQFR-E, 39957373
07TYLG-E, 136317904
0948NJ-E, 156222111
09V1WB-E, 147041668
0DGVV8-E, 134800121
09V0QK-E, 142804470
0DMC71-E, 39957373
06Z875-E, 156351820
0DYT2Z-E, 61059094
07BGN0-E, 49760854
073PK2-E, 156273709
07TQ6P-E, 156259609
007FDY-E, 41704973
064QNM-E, 143326448
07KDZY-E, 142816596
0FKF5K-E, 61385520
0BH1T0-E, 142852455
061710-E, 49803455
06TVTX-E, 178565806
0G76X2-E, 21884770
0660Y5-E, 142805135
097BD6-E, 46944334
07QTFF-E, 56129986
0930T9-E, 153411796
07XDFC-E, 156239661
05TD8M-E, 21641337
07PC85-E, 19665649
0GQ2SC-E, 56174576
0DGCT8-E, 61059094
0809G5-E, 19890551
0699L3-E, 22588754
0DC0K6-E, 156334621
09T5X4-E, 146889240
0CB84M-E, 51023724
07W95Y-E, 57803099
0DJ6J8-E, 27828620
0930JZ-E, 138709536
05LHDY-E, 52989406
0HC2VV-E, 144231356
0FLW1L-E, 139273844
0C8SPV-E, 156351506
0D669D-E, 49910789
07XFK7-E, 63225922
0BNHD3-E, 89827975
07K4FW-E, 49805989
07ZG1V-E, 313800693
0CJVTN-E, 19893406
083T4Y-E, 49850403
07VRGN-E, 152413267
07QDKJ-E, 58044784
0FRCG8-E, 139255735
07XK1L-E, 21711696
08WBSR-E, 194224948
001XQ1-E, 145232449
07TL8M-E, 49975252
05LHMY-E, 139220520
0CH9MG-E, 39673109
09T5JQ-E, 142823499
083XKC-E, 63209493
00D58K-E, 49769961
07W9T3-E, 57993626
0F7XFJ-E, 19155514
000NY7-E, 153487422
06FTKG-E, 49896568
09WH0D-E, 146715265
07QCDT-E, 156269163
0934ZJ-E, 156222111
07V1FD-E, 156267143
0863PG-E, 47202381
09WHVP-E, 146710464
06186Y-E, 143291121
07YGNG-E, 323294366
0FQWKC-E, 19890128
064XY0-E, 58980933
07W8Q0-E, 290513065
0GHCMF-E, 142904980
00CWQN-E, 137841979
07ZK9G-E, 308503719
09T7PF-E, 142919627
0FPT82-E, 156307104
085PTQ-E, 23016777
083XCW-E, 21627595
07W3TP-E, 35650705
05PGG5-E, 21801740
0C4BJF-E, 21786695
09T6TN-E, 146595847
064XJ7-E, 19214896
099CRK-E, 138709536
000NYW-E, 156189803
06M5JP-E, 63233916
05PJRB-E, 156230873
09T59X-E, 142917786
0B59K0-E, 146900366
098RH8-E, 49762235
05MX8W-E, 156251392
08WVZJ-E, 55062277
07XQ7H-E, 61052887
07XCRY-E, 143311789
0F37TB-E, 26128003
08DXBC-E, 296310109
0BHVD5-E, 49762235
080LCP-E, 142852455
085VQQ-E, 197475975
07QD2V-E, 137744897
09X9DG-E, 146757673
0882NY-E, 156325940
08HH6C-E, 27499488
0F2Y82-E, 156222111
05PFM0-E, 36819703
07KP8R-E, 49864145
06SYPP-E, 52370687
05WKNK-E, 156205808
06RLBZ-E, 38393665
0B167D-E, 142821374
07W0HB-E, 22043444
07YVSB-E, 156221453
07PVK3-E, 49854184
0DHHLK-E, 287781671
08HY4Q-E, 49865827
0837HH-E, 198538109
08JFNL-E, 22588754
0DB5XV-E, 63206215
00GFBZ-E, 137841979
07XFJX-E, 178720190
07TYRM-E, 156203582
0998KS-E, 298707546
07FMZL-E, 56888953
05L3DP-E, 21629417
061867-E, 156232083
07R738-E, 31810904
007TJH-E, 152044523
0CYSC7-E, 202499685
0648PZ-E, 156296497
07ZG5Z-E, 178917981
07VLHH-E, 156272155
0B6RJM-E, 24392380
06N8PL-E, 146688422
0F6992-E, 25811540
0F6939-E, 29277876
07VSGJ-E, 30112350
07ZKZZ-E, 29789375
06MBR4-E, 156351820
09T7MC-E, 146467180
000P7C-E, 19889383
05L3CJ-E, 49809662
0BKXM6-E, 156298145
07P9HV-E, 52161361
09H0GN-E, 153411796
0F7XFH-E, 41260275
07VKXL-E, 52145116
0CN4G9-E, 190554115
07TYKB-E, 19889383
07H64R-E, 22947920
0FXXLB-E, 50974982
002YJS-E, 33864068
07XL0F-E, 156268604
07ZJLK-E, 46776021
085QTQ-E, 275851366
07ZJRD-E, 315167017
05LJQL-E, 19889383
0GGM8P-E, 136785136
0837VF-E, 178862814
07ZFW3-E, 62663099
064Y7V-E, 142852455
0F8X4J-E, 26128003
075Z45-E, 63218920
09LL2P-E, 57274921
0GNGQ4-E, 22947920
0BBVM1-E, 142848128
08H6HX-E, 156222111
006L4M-E, 39957373
0GVP8X-E, 52131860
0FTS28-E, 55243655
0FLVGT-E, 146816903
085BSR-E, 142656436
07RKVK-E, 56589552
07W9D2-E, 56227737
002F2H-E, 49760854
07L4VX-E, 38579280
07R8QN-E, 156242006
07XCVQ-E, 314083908
07W2QS-E, 19889595
0C6JWZ-E, 20966935
0B0GTJ-E, 49853649
07ZL8X-E, 19888201
0FTK93-E, 33774918
085J52-E, 156351506
0FZYV6-E, 146837107
09T6CH-E, 146466428
0B9B9V-E, 298387118
080PJY-E, 44551575
00116B-E, 178652267
0032M9-E, 32406767
07RC39-E, 139669805
05PHXX-E, 197558043
088MSZ-E, 145276520
0H52BR-E, 51028785
07XXVD-E, 52719591
09GF44-E, 298707546
08BLH0-E, 33047603
07XHMK-E, 49896568
06P491-E, 156216888
000P50-E, 142800510
0H21HX-E, 308618181
0HMJ53-E, 258926217
085GV8-E, 63219096
09T78F-E, 146435646
05PHBG-E, 274364977
0025HQ-E, 31235959
080NPZ-E, 23209147
009HDS-E, 19298284
00DHRX-E, 142852455
07ZF61-E, 49910704
05PJVT-E, 32956363
05PG21-E, 145276520
0F50HZ-E, 19215188
004LSR-E, 195298196
07W8ZR-E, 156179446
0CWY69-E, 142885868
09T81J-E, 146467029
0CNRWL-E, 146615501
0869X5-E, 49772062
07PBP0-E, 156368692
0H0LJ8-E, 50974982
0F4PZC-E, 294078088
0DJ9YV-E, 139255074
00DH4H-E, 35211516
0GZDXB-E, 145276520
07PFC0-E, 156334621
07PW9K-E, 27652915
07VMBH-E, 156347016
0F4ZVV-E, 49762235
0FP8R6-E, 23344100
05LGYQ-E, 156296105
07VT8W-E, 178687759
09H7JT-E, 156351820
07XJTM-E, 289423819
08VNQ5-E, 139227025
0808XW-E, 32406767
06ZM6M-E, 178745691
07W781-E, 142852455
0883R0-E, 63207082
07W59G-E, 19891282
08WQ1K-E, 194224948
0B5ZDQ-E, 156231527
07V2PF-E, 63203804
064QPZ-E, 46743856
05LH9N-E, 41260275
08HS5Z-E, 146688422
085HPL-E, 29124203
07R99J-E, 49805462
07TLZ4-E, 55595484
0HFPWH-E, 19883974
09T787-E, 143001139
08JKPJ-E, 56531571
07XKTZ-E, 287653274
0DD19M-E, 21711873
003MGG-E, 146577185
003BBR-E, 57568774
08TQGH-E, 19884365
0H3CLW-E, 19883902
05LHXL-E, 63217806
0GRZ6M-E, 19885323
0BGKY2-E, 63227121
084VF3-E, 146615163
064W34-E, 49876851
06HTRR-E, 142919627
07P5VR-E, 142953105
0GTGX3-E, 156249271
07VC5G-E, 47204322
0835P3-E, 19886230
0GTP5P-E, 139339461
0DD0QS-E, 137841979
0CM5M7-E, 141420262
0868LL-E, 57568774
0885WD-E, 49776130
07GTW8-E, 146453881
0GLC80-E, 156351820
06NHW6-E, 156342731
094D0S-E, 36505113
001M1K-E, 33305192
080QG0-E, 142919482
08HBPN-E, 21834201
05JZRG-E, 19887696
092X2J-E, 46596743
093BX6-E, 156203321
05LJFP-E, 138709536
0FGG0T-E, 52050693
064XZ8-E, 19892321
07V16W-E, 156256528
0886XZ-E, 19883974
06170X-E, 143319773
07NQDX-E, 49695345
0FKQWN-E, 146716366
0C78QG-E, 293980298
0CR6X0-E, 190554115
07W9ZV-E, 156364046
093655-E, 153411796
07V23P-E, 294937670
08318S-E, 156252872
09ZHWF-E, 52719591
0G2C50-E, 156342731
0H7R53-E, 58882025
088776-E, 21065618
00CHB6-E, 308167055
07QB3B-E, 142852455
0BGJY4-E, 63227121
06M01X-E, 156243010
05LJH2-E, 142849975
09LKG5-E, 282968414
09T7LF-E, 142801530
09T83V-E, 146578748
0G3H5R-E, 275250753
0BHJZR-E, 57288154
099FXS-E, 153411796
05LH6M-E, 178415680
05VYTY-E, 298135122
080PZ5-E, 178917981
08766K-E, 52141695
09XFZH-E, 146579136
0724VS-E, 27821334
06181W-E, 156288626
07XD53-E, 21699273
07R99S-E, 49873327
07R88C-E, 142852455
06170G-E, 141287616
05HXCM-E, 33774918
06P412-E, 49896568
08TXSW-E, 138709536
07XKVK-E, 253877775
0FWKPN-E, 175104602
05TD9F-E, 156251392
07RGZL-E, 291927103
083T52-E, 156251392
06KT8D-E, 178437788
064P9H-E, 142953031
07QB2P-E, 63210045
07TZZQ-E, 156210079
064QP8-E, 20492254
0G9NP2-E, 194224948
07TH1T-E, 53315675
07QC9Y-E, 22225554
09WGSF-E, 142953182
0GTXKY-E, 142922932
07XKBM-E, 23332402
07VRNP-E, 19079587
0CQ22T-E, 156278948
07XMJ5-E, 55342360
0CL2PV-E, 49910749
000NYN-E, 315634199
07FSP8-E, 156330439
05LHG5-E, 56660452
07R7ZY-E, 19889383
083BT0-E, 156251392
07QB20-E, 63211512
0FW2CG-E, 49910789
072CZ9-E, 290513065
0885G2-E, 56660452
0G61CJ-E, 19883902
09T830-E, 142803385
009L0X-E, 49681286
07QSQ0-E, 19883974
07L5P9-E, 134699029
05LJG3-E, 146707094
07VC4B-E, 32358104
096Z8G-E, 21342413
07XG9D-E, 47037702
0C85SJ-E, 324235093
0CZ0Y6-E, 142919627
07ZNRQ-E, 49910749
093050-E, 41260275
05VYCQ-E, 142904980
0FXX1D-E, 51879840
0BJL8P-E, 38579280
09T8V8-E, 142950745
0GZ9JB-E, 144231356
06170Z-E, 156303213
07PWFS-E, 146719510
05PJDV-E, 142802701
07Q5SY-E, 176041367
086914-E, 51167833
07TJX8-E, 29903534
0F7MZP-E, 56842613
07V06W-E, 56884613
088T0W-E, 178917981
0G9WDR-E, 57568774
07W4PP-E, 19883974
07XGFW-E, 142381312
09T7LH-E, 146700277
00FF4S-E, 44551575
07FFRV-E, 175202005
0H05PL-E, 142800512
08GN56-E, 156295844
07VS7K-E, 21351531
0064D7-E, 278803705
05V10Z-E, 138678741
07ZFW5-E, 27659647
0C67MY-E, 63227121
0037PX-E, 49809662
09F1JN-E, 138356789
08762G-E, 25586557
0DDBW9-E, 49910617
006RJK-E, 57288154
083VNQ-E, 156298910
05K4YK-E, 156321129
05L396-E, 146707094
0CS5VZ-E, 153411796
08TY14-E, 21342413
05LJDP-E, 156185308
0DY8PB-E, 142805585
0CK6JK-E, 258926217
0014MV-E, 136317904
09V0XK-E, 49910704
003MGC-E, 146730135
07XDHP-E, 47220160
0GYG2M-E, 30868353
0D223H-E, 156261964
09T6YN-E, 142809509
0DJ3ML-E, 325340558
05PM9N-E, 156251392
08TJ4D-E, 21643384
0098X8-E, 156368216
07XJ4Y-E, 55245533
093LQ9-E, 49767516
07XJQD-E, 21794294
07XD7W-E, 312570632
0C6P8N-E, 19308710
0BGK84-E, 52169862
07BH7T-E, 51492256
06VG39-E, 142904980
0F6966-E, 56531571
08D5SR-E, 138709536
0831CS-E, 156248207
07JXBB-E, 25489946
0BG8RM-E, 53432123
0HB6DQ-E, 276006265
09T5R6-E, 142870300
07VCLF-E, 156322944
07VNHL-E, 142827729
07ZHSM-E, 19889383
0FVXLJ-E, 194224948
07TMDV-E, 49853330
0632LM-E, 197475313
06PH9X-E, 275246755
060Y9P-E, 140954443
0DB5HF-E, 49910617
06C284-E, 156322718
05LJLK-E, 151916177
085G1T-E, 173263747
08WTQ9-E, 194224948
06GJH7-E, 32820128
0G1627-E, 142953031
080N60-E, 39957373
09LNV5-E, 32864695
05PJ1H-E, 32406767
080QBM-E, 38009921
